Legislator Name,Chamber,District,Party,SB 2095 (2022),HB 1158 (2023),SB 2857 (2024),HB 611 (2025),SB 2748 (2025),HB 895 (2026),HB 1152 (2026),HB 1034 (2026),HB 513 (2026),Score,Grade,Classification,Historical Vote Score,Summary,Contact Link,Eligible Weight,Publish?,Slug,Featured?
Dan Eubanks,House,25,Republican,SUPPORT,SUPPORT,ABSENT,SUPPORT,SUPPORT,SUPPORT,SUPPORT,SUPPORT,SUPPORT,96,A,Strong Supporter,192.5,Dan Eubanks supported 3MA’s tracked medical cannabis priorities at a high level but is not classified as a Champion Leader absent authorship or recorded champion status.,Dan Eubanks,200,Yes,dan-eubanks,No
Lester Carpenter,House,1,Republican,SUPPORT,SUPPORT,SUPPORT,SUPPORT,SUPPORT,SUPPORT,SUPPORT,SUPPORT,SUPPORT,100,A,Strong Supporter,200,Lester Carpenter supported 3MA’s tracked medical cannabis priorities at a high level but is not classified as a Champion Leader absent authorship or recorded champion status.,Lester Carpenter,200,Yes,lester-carpenter,No
Brad Mattox,House,2,Republican,N/A,N/A,SUPPORT,SUPPORT,SUPPORT,SUPPORT,SUPPORT,SUPPORT,SUPPORT,100,A,Strong Supporter,160,Brad Mattox supported 3MA’s tracked medical cannabis priorities at a high level but is not classified as a Champion Leader absent authorship or recorded champion status.,Brad Mattox,160,Yes,brad-mattox,No
William Tracy Arnold,House,3,Republican,SUPPORT,SUPPORT,SUPPORT,SUPPORT,SUPPORT,SUPPORT,SUPPORT,SUPPORT,SUPPORT,100,A,Strong Supporter,200,William Tracy Arnold supported 3MA’s tracked medical cannabis priorities at a high level but is not classified as a Champion Leader absent authorship or recorded champion status.,William Tracy Arnold,200,Yes,william-tracy-arnold,No
Jody Steverson,House,4,Republican,SUPPORT,SUPPORT,SUPPORT,SUPPORT,SUPPORT,SUPPORT,SUPPORT,SUPPORT,ABSENT,100,A,Strong Supporter,200,Jody Steverson supported 3MA’s tracked medical cannabis priorities at a high level but is not classified as a Champion Leader absent authorship or recorded champion status.,Jody Steverson,200,Yes,jody-steverson,No
John Faulkner,House,5,Democrat,OPPOSE,SUPPORT,SUPPORT,SUPPORT,SUPPORT,SUPPORT,ABSENT,SUPPORT,SUPPORT,84,B,Supporter,167.5,John Faulkner has a generally supportive voting record on 3MA’s tracked medical cannabis priorities.,John Faulkner,200,Yes,john-faulkner,No
Justin Keen,House,6,Republican,N/A,N/A,SUPPORT,ABSENT,OPPOSE,ABSENT,ABSENT,ABSENT,SUPPORT,50,D,Weak / Inconsistent,80,Justin Keen has shown weak or inconsistent alignment with 3MA’s tracked medical cannabis priorities.,Justin Keen,160,Yes,justin-keen,No
Kimberly Remak,House,7,Republican,N/A,N/A,SUPPORT,SUPPORT,SUPPORT,SUPPORT,SUPPORT,SUPPORT,SUPPORT,100,A,Strong Supporter,160,Kimberly Remak supported 3MA’s tracked medical cannabis priorities at a high level but is not classified as a Champion Leader absent authorship or recorded champion status.,Kimberly Remak,160,Yes,kimberly-remak,No
"Trey Lamar, III",House,8,Republican,SUPPORT,SUPPORT,SUPPORT,SUPPORT,SUPPORT,SUPPORT,SUPPORT,SUPPORT,SUPPORT,100,A,Strong Supporter,200,"Trey Lamar, III supported 3MA’s tracked medical cannabis priorities at a high level but is not classified as a Champion Leader absent authorship or recorded champion status.","Trey Lamar, III",200,Yes,trey-lamar-iii,No
Cedric Burnett,House,9,Republican,SUPPORT,SUPPORT,SUPPORT,SUPPORT,SUPPORT,SUPPORT,SUPPORT,SUPPORT,SUPPORT,100,A,Strong Supporter,200,Cedric Burnett supported 3MA’s tracked medical cannabis priorities at a high level but is not classified as a Champion Leader absent authorship or recorded champion status.,Cedric Burnett,200,Yes,cedric-burnett,No
Josh Hawkins,House,10,Republican,N/A,N/A,SUPPORT,SUPPORT,SUPPORT,SUPPORT,SUPPORT,SUPPORT,SUPPORT,100,A,Strong Supporter,160,Josh Hawkins supported 3MA’s tracked medical cannabis priorities at a high level but is not classified as a Champion Leader absent authorship or recorded champion status.,Josh Hawkins,160,Yes,josh-hawkins,No
Lataisha Jackson,House,11,Democrat,SUPPORT,SUPPORT,SUPPORT,SUPPORT,SUPPORT,SUPPORT,SUPPORT,SUPPORT,SUPPORT,100,A,Strong Supporter,200,Lataisha Jackson supported 3MA’s tracked medical cannabis priorities at a high level but is not classified as a Champion Leader absent authorship or recorded champion status.,Lataisha Jackson,200,Yes,lataisha-jackson,No
Clay Deweese,House,12,Republican,SUPPORT,SUPPORT,SUPPORT,SUPPORT,SUPPORT,SUPPORT,SUPPORT,SUPPORT,SUPPORT,100,A,Strong Supporter,200,Clay Deweese supported 3MA’s tracked medical cannabis priorities at a high level but is not classified as a Champion Leader absent authorship or recorded champion status.,Clay Deweese,200,Yes,clay-deweese,No
Steve Massengill,House,13,Republican,SUPPORT,SUPPORT,SUPPORT,SUPPORT,SUPPORT,SUPPORT,SUPPORT,SUPPORT,SUPPORT,100,A,Strong Supporter,200,Steve Massengill supported 3MA’s tracked medical cannabis priorities at a high level but is not classified as a Champion Leader absent authorship or recorded champion status.,Steve Massengill,200,Yes,steve-massengill,No
Sam Creekmore IV,House,14,Republican,SUPPORT,SUPPORT,SUPPORT,SUPPORT,SUPPORT,SUPPORT,SUPPORT,SUPPORT,SUPPORT,100,A,Strong Supporter,200,Sam Creekmore IV supported 3MA’s tracked medical cannabis priorities at a high level but is not classified as a Champion Leader absent authorship or recorded champion status.,Sam Creekmore IV,200,Yes,sam-creekmore-iv,No
Beth Luther Waldo,House,15,Republican,N/A,N/A,SUPPORT,SUPPORT,SUPPORT,ABSENT,SUPPORT,SUPPORT,SUPPORT,95,A,Strong Supporter,152.5,Beth Luther Waldo supported 3MA’s tracked medical cannabis priorities at a high level but is not classified as a Champion Leader absent authorship or recorded champion status.,Beth Luther Waldo,160,Yes,beth-luther-waldo,No
Rickey Thompson,House,16,Democrat,SUPPORT,SUPPORT,SUPPORT,SUPPORT,SUPPORT,SUPPORT,SUPPORT,SUPPORT,SUPPORT,100,A,Strong Supporter,200,Rickey Thompson supported 3MA’s tracked medical cannabis priorities at a high level but is not classified as a Champion Leader absent authorship or recorded champion status.,Rickey Thompson,200,Yes,rickey-thompson,No
Shane Aguirre,House,17,Republican,SUPPORT,SUPPORT,SUPPORT,SUPPORT,SUPPORT,SUPPORT,SUPPORT,SUPPORT,SUPPORT,100,A,Strong Supporter,200,Shane Aguirre supported 3MA’s tracked medical cannabis priorities at a high level but is not classified as a Champion Leader absent authorship or recorded champion status.,Shane Aguirre,200,Yes,shane-aguirre,No
Jerry Turner,House,18,Republican,SUPPORT,SUPPORT,SUPPORT,SUPPORT,SUPPORT,SUPPORT,SUPPORT,SUPPORT,SUPPORT,100,A,Strong Supporter,200,Jerry Turner supported 3MA’s tracked medical cannabis priorities at a high level but is not classified as a Champion Leader absent authorship or recorded champion status.,Jerry Turner,200,Yes,jerry-turner,No
Randy Boyd,House,19,Republican,SUPPORT,OPPOSE,SUPPORT,SUPPORT,OPPOSE,SUPPORT,SUPPORT,SUPPORT,SUPPORT,85,B,Supporter,170,Randy Boyd has a generally supportive voting record on 3MA’s tracked medical cannabis priorities.,Randy Boyd,200,Yes,randy-boyd,No
Rodney Hall,House,20,Republican,N/A,N/A,SUPPORT,SUPPORT,SUPPORT,ABSENT,SUPPORT,SUPPORT,SUPPORT,95,A,Strong Supporter,152.5,Rodney Hall supported 3MA’s tracked medical cannabis priorities at a high level but is not classified as a Champion Leader absent authorship or recorded champion status.,Rodney Hall,160,Yes,rodney-hall,No
Donnie Bell,House,21,Republican,SUPPORT,SUPPORT,SUPPORT,SUPPORT,SUPPORT,SUPPORT,SUPPORT,SUPPORT,SUPPORT,100,A,Strong Supporter,200,Donnie Bell supported 3MA’s tracked medical cannabis priorities at a high level but is not classified as a Champion Leader absent authorship or recorded champion status.,Donnie Bell,200,Yes,donnie-bell,No
Justin Crosby,House,22,Democrat,N/A,N/A,N/A,N/A,N/A,SUPPORT,SUPPORT,SUPPORT,SUPPORT,100,A,Strong Supporter,130,Justin Crosby supported 3MA’s tracked medical cannabis priorities at a high level but is not classified as a Champion Leader absent authorship or recorded champion status.,Justin Crosby,130,Yes,justin-crosby,No
Perry Bailey,House,23,Republican,N/A,N/A,SUPPORT,SUPPORT,SUPPORT,SUPPORT,SUPPORT,SUPPORT,SUPPORT,100,A,Strong Supporter,160,Perry Bailey supported 3MA’s tracked medical cannabis priorities at a high level but is not classified as a Champion Leader absent authorship or recorded champion status.,Perry Bailey,160,Yes,perry-bailey,No
Jeff Hale,House,24,Republican,SUPPORT,SUPPORT,SUPPORT,SUPPORT,SUPPORT,SUPPORT,SUPPORT,SUPPORT,SUPPORT,100,A,Strong Supporter,200,Jeff Hale supported 3MA’s tracked medical cannabis priorities at a high level but is not classified as a Champion Leader absent authorship or recorded champion status.,Jeff Hale,200,Yes,jeff-hale,No
Otha Williams,House,26,Democrat,N/A,N/A,ABSENT,SUPPORT,SUPPORT,SUPPORT,SUPPORT,SUPPORT,SUPPORT,95,A,Strong Supporter,152.5,Otha Williams supported 3MA’s tracked medical cannabis priorities at a high level but is not classified as a Champion Leader absent authorship or recorded champion status.,Otha Williams,160,Yes,otha-williams,No
Kenji Holloway,House,27,Democrat,SUPPORT,SUPPORT,SUPPORT,OPPOSE,SUPPORT,SUPPORT,SUPPORT,SUPPORT,SUPPORT,100,A,Strong Supporter,200,Kenji Holloway supported 3MA’s tracked medical cannabis priorities at a high level but is not classified as a Champion Leader absent authorship or recorded champion status.,Kenji Holloway,200,Yes,kenji-holloway,No
W.I. Harris,House,28,Republican,N/A,N/A,SUPPORT,SUPPORT,SUPPORT,SUPPORT,SUPPORT,SUPPORT,SUPPORT,100,A,Strong Supporter,160,W.I. Harris supported 3MA’s tracked medical cannabis priorities at a high level but is not classified as a Champion Leader absent authorship or recorded champion status.,W.I. Harris,160,Yes,wi-harris,No
Robert Sanders,House,29,Democrat,SUPPORT,SUPPORT,SUPPORT,SUPPORT,SUPPORT,SUPPORT,SUPPORT,SUPPORT,SUPPORT,100,A,Strong Supporter,200,Robert Sanders supported 3MA’s tracked medical cannabis priorities at a high level but is not classified as a Champion Leader absent authorship or recorded champion status.,Robert Sanders,200,Yes,robert-sanders,No
Tracey Rosebud,House,30,Democrat,SUPPORT,SUPPORT,SUPPORT,SUPPORT,SUPPORT,SUPPORT,SUPPORT,SUPPORT,SUPPORT,100,A,Strong Supporter,200,Tracey Rosebud supported 3MA’s tracked medical cannabis priorities at a high level but is not classified as a Champion Leader absent authorship or recorded champion status.,Tracey Rosebud,200,Yes,tracey-rosebud,No
Otis Anthony,House,31,Democrat,SUPPORT,SUPPORT,ABSENT,SUPPORT,ABSENT,SUPPORT,ABSENT,SUPPORT,SUPPORT,89,B,Supporter,177.5,Otis Anthony has a generally supportive voting record on 3MA’s tracked medical cannabis priorities.,Otis Anthony,200,Yes,otis-anthony,No
Solomon Osborne,House,32,Democrat,SUPPORT,SUPPORT,ABSENT,SUPPORT,SUPPORT,SUPPORT,SUPPORT,SUPPORT,SUPPORT,96,A,Strong Supporter,192.5,Solomon Osborne supported 3MA’s tracked medical cannabis priorities at a high level but is not classified as a Champion Leader absent authorship or recorded champion status.,Solomon Osborne,200,Yes,solomon-osborne,No
Jim Estrada,House,33,Republican,N/A,N/A,SUPPORT,SUPPORT,SUPPORT,SUPPORT,SUPPORT,SUPPORT,SUPPORT,100,A,Strong Supporter,160,Jim Estrada supported 3MA’s tracked medical cannabis priorities at a high level but is not classified as a Champion Leader absent authorship or recorded champion status.,Jim Estrada,160,Yes,jim-estrada,No
Kevin Horan,House,34,Republican,SUPPORT,SUPPORT,SUPPORT,SUPPORT,SUPPORT,SUPPORT,SUPPORT,SUPPORT,SUPPORT,100,A,Strong Supporter,200,Kevin Horan supported 3MA’s tracked medical cannabis priorities at a high level but is not classified as a Champion Leader absent authorship or recorded champion status.,Kevin Horan,200,Yes,kevin-horan,No
Joey Hood,House,35,Republican,SUPPORT,SUPPORT,SUPPORT,SUPPORT,SUPPORT,SUPPORT,SUPPORT,SUPPORT,SUPPORT,100,A,Strong Supporter,200,Joey Hood supported 3MA’s tracked medical cannabis priorities at a high level but is not classified as a Champion Leader absent authorship or recorded champion status.,Joey Hood,200,Yes,joey-hood,No
Karl Gibbs,House,36,Democrat,SUPPORT,SUPPORT,SUPPORT,SUPPORT,SUPPORT,SUPPORT,SUPPORT,SUPPORT,SUPPORT,100,A,Strong Supporter,200,Karl Gibbs supported 3MA’s tracked medical cannabis priorities at a high level but is not classified as a Champion Leader absent authorship or recorded champion status.,Karl Gibbs,200,Yes,karl-gibbs,No
Andy Boyd,House,37,Republican,SUPPORT,ABSENT,SUPPORT,SUPPORT,SUPPORT,SUPPORT,SUPPORT,SUPPORT,SUPPORT,96,A,Strong Supporter,192.5,Andy Boyd supported 3MA’s tracked medical cannabis priorities at a high level but is not classified as a Champion Leader absent authorship or recorded champion status.,Andy Boyd,200,Yes,andy-boyd,No
Cheikh Taylor,House,38,Democrat,SUPPORT,SUPPORT,SUPPORT,SUPPORT,SUPPORT,OPPOSE,SUPPORT,SUPPORT,SUPPORT,93,A,Strong Supporter,185,Cheikh Taylor supported 3MA’s tracked medical cannabis priorities at a high level but is not classified as a Champion Leader absent authorship or recorded champion status.,Cheikh Taylor,200,Yes,cheikh-taylor,No
Dana McLean,House,39,Republican,OPPOSE,SUPPORT,SUPPORT,SUPPORT,SUPPORT,ABSENT,ABSENT,SUPPORT,SUPPORT,80,B,Supporter,160,Dana McLean has a generally supportive voting record on 3MA’s tracked medical cannabis priorities.,Dana McLean,200,Yes,dana-mclean,No
Hester Jackson McCray,House,40,Democrat,SUPPORT,SUPPORT,ABSENT,SUPPORT,SUPPORT,SUPPORT,SUPPORT,SUPPORT,SUPPORT,96,A,Strong Supporter,192.5,Hester Jackson McCray supported 3MA’s tracked medical cannabis priorities at a high level but is not classified as a Champion Leader absent authorship or recorded champion status.,Hester Jackson McCray,200,Yes,hester-jackson-mccray,No
Kabir Karriem,House,41,Democrat,SUPPORT,SUPPORT,ABSENT,SUPPORT,SUPPORT,SUPPORT,SUPPORT,SUPPORT,SUPPORT,96,A,Strong Supporter,192.5,Kabir Karriem supported 3MA’s tracked medical cannabis priorities at a high level but is not classified as a Champion Leader absent authorship or recorded champion status.,Kabir Karriem,200,Yes,kabir-karriem,No
Carl Mickens,House,42,Democrat,SUPPORT,SUPPORT,SUPPORT,SUPPORT,SUPPORT,SUPPORT,SUPPORT,SUPPORT,SUPPORT,100,A,Strong Supporter,200,Carl Mickens supported 3MA’s tracked medical cannabis priorities at a high level but is not classified as a Champion Leader absent authorship or recorded champion status.,Carl Mickens,200,Yes,carl-mickens,No
Rob Roberson,House,43,Republican,SUPPORT,SUPPORT,SUPPORT,SUPPORT,SUPPORT,SUPPORT,SUPPORT,SUPPORT,SUPPORT,100,A,Strong Supporter,200,Rob Roberson supported 3MA’s tracked medical cannabis priorities at a high level but is not classified as a Champion Leader absent authorship or recorded champion status.,Rob Roberson,200,Yes,rob-roberson,No
Scott Bounds,House,44,Republican,SUPPORT,SUPPORT,SUPPORT,SUPPORT,SUPPORT,ABSENT,ABSENT,SUPPORT,SUPPORT,93,A,Strong Supporter,185,Scott Bounds supported 3MA’s tracked medical cannabis priorities at a high level but is not classified as a Champion Leader absent authorship or recorded champion status.,Scott Bounds,200,Yes,scott-bounds,No
Keith Jackson,House,45,Democrat,N/A,N/A,SUPPORT,SUPPORT,SUPPORT,SUPPORT,SUPPORT,SUPPORT,SUPPORT,100,A,Strong Supporter,160,Keith Jackson supported 3MA’s tracked medical cannabis priorities at a high level but is not classified as a Champion Leader absent authorship or recorded champion status.,Keith Jackson,160,Yes,keith-jackson,No
Karl Oliver,House,46,Republican,ABSENT,OPPOSE,SUPPORT,SUPPORT,SUPPORT,OPPOSE,SUPPORT,SUPPORT,SUPPORT,79,B,Supporter,157.5,Karl Oliver has a generally supportive voting record on 3MA’s tracked medical cannabis priorities.,Karl Oliver,200,Yes,karl-oliver,No
Bryant Clark,House,47,Democrat,SUPPORT,SUPPORT,ABSENT,SUPPORT,SUPPORT,SUPPORT,SUPPORT,SUPPORT,SUPPORT,96,A,Strong Supporter,192.5,Bryant Clark supported 3MA’s tracked medical cannabis priorities at a high level but is not classified as a Champion Leader absent authorship or recorded champion status.,Bryant Clark,200,Yes,bryant-clark,No
Jason White,House,48,Republican,ABSENT,SUPPORT,SUPPORT,SUPPORT,SUPPORT,SUPPORT,SUPPORT,SUPPORT,SUPPORT,94,A,Strong Supporter,187.5,Jason White supported 3MA’s tracked medical cannabis priorities at a high level but is not classified as a Champion Leader absent authorship or recorded champion status.,Jason White,200,Yes,jason-white,No
Willie Bailey,House,49,Democrat,SUPPORT,SUPPORT,SUPPORT,SUPPORT,SUPPORT,SUPPORT,SUPPORT,SUPPORT,SUPPORT,100,A,Strong Supporter,200,Willie Bailey supported 3MA’s tracked medical cannabis priorities at a high level but is not classified as a Champion Leader absent authorship or recorded champion status.,Willie Bailey,200,Yes,willie-bailey,No
"John W. Hines, Sr.",House,50,Democrat,SUPPORT,SUPPORT,SUPPORT,SUPPORT,SUPPORT,SUPPORT,SUPPORT,SUPPORT,SUPPORT,100,A,Strong Supporter,200,"John W. Hines, Sr. supported 3MA’s tracked medical cannabis priorities at a high level but is not classified as a Champion Leader absent authorship or recorded champion status.","John W. Hines, Sr.",200,Yes,john-w-hines-sr,No
Timaka James-Jones,House,51,Democrat,N/A,N/A,ABSENT,SUPPORT,SUPPORT,SUPPORT,SUPPORT,SUPPORT,SUPPORT,95,A,Strong Supporter,152.5,Timaka James-Jones supported 3MA’s tracked medical cannabis priorities at a high level but is not classified as a Champion Leader absent authorship or recorded champion status.,Timaka James-Jones,160,Yes,timaka-jamesjones,No
Bill Kinkade,House,52,Republican,SUPPORT,SUPPORT,SUPPORT,SUPPORT,ABSENT,ABSENT,ABSENT,ABSENT,SUPPORT,64,C,Mixed / Persuadable,127.5,Bill Kinkade has a mixed record on 3MA’s tracked medical cannabis priorities and may be persuadable on future reforms.,Bill Kinkade,200,Yes,bill-kinkade,No
Vince Mangold,House,53,Republican,SUPPORT,SUPPORT,SUPPORT,OPPOSE,OPPOSE,OPPOSE,OPPOSE,SUPPORT,SUPPORT,78,B,Supporter,155,Vince Mangold has a generally supportive voting record on 3MA’s tracked medical cannabis priorities.,Vince Mangold,200,Yes,vince-mangold,No
Kevin Ford,House,54,Republican,OPPOSE,SUPPORT,SUPPORT,SUPPORT,SUPPORT,SUPPORT,SUPPORT,SUPPORT,SUPPORT,88,B,Supporter,175,Kevin Ford has a generally supportive voting record on 3MA’s tracked medical cannabis priorities.,Kevin Ford,200,Yes,kevin-ford,No
Oscar Denton,House,55,Democrat,SUPPORT,SUPPORT,SUPPORT,SUPPORT,SUPPORT,SUPPORT,SUPPORT,SUPPORT,SUPPORT,100,A,Strong Supporter,200,Oscar Denton supported 3MA’s tracked medical cannabis priorities at a high level but is not classified as a Champion Leader absent authorship or recorded champion status.,Oscar Denton,200,Yes,oscar-denton,No
Clay Mansell,House,56,Republican,N/A,N/A,SUPPORT,SUPPORT,SUPPORT,SUPPORT,SUPPORT,SUPPORT,SUPPORT,100,A,Strong Supporter,160,Clay Mansell supported 3MA’s tracked medical cannabis priorities at a high level but is not classified as a Champion Leader absent authorship or recorded champion status.,Clay Mansell,160,Yes,clay-mansell,No
Lawrence Blackmon,House,57,Democrat,SUPPORT,SUPPORT,SUPPORT,SUPPORT,SUPPORT,SUPPORT,SUPPORT,SUPPORT,SUPPORT,100,A,Strong Supporter,200,Lawrence Blackmon supported 3MA’s tracked medical cannabis priorities at a high level but is not classified as a Champion Leader absent authorship or recorded champion status.,Lawrence Blackmon,200,Yes,lawrence-blackmon,No
Jonathan McMillan,House,58,Republican,N/A,N/A,SUPPORT,SUPPORT,SUPPORT,SUPPORT,SUPPORT,SUPPORT,SUPPORT,100,A,Strong Supporter,160,Jonathan McMillan supported 3MA’s tracked medical cannabis priorities at a high level but is not classified as a Champion Leader absent authorship or recorded champion status.,Jonathan McMillan,160,Yes,jonathan-mcmillan,No
Brent Powell,House,59,Republican,SUPPORT,SUPPORT,SUPPORT,SUPPORT,SUPPORT,SUPPORT,SUPPORT,SUPPORT,SUPPORT,100,A,Strong Supporter,200,Brent Powell supported 3MA’s tracked medical cannabis priorities at a high level but is not classified as a Champion Leader absent authorship or recorded champion status.,Brent Powell,200,Yes,brent-powell,No
Fred Shanks,House,60,Republican,SUPPORT,SUPPORT,SUPPORT,SUPPORT,SUPPORT,SUPPORT,SUPPORT,SUPPORT,SUPPORT,100,A,Strong Supporter,200,Fred Shanks supported 3MA’s tracked medical cannabis priorities at a high level but is not classified as a Champion Leader absent authorship or recorded champion status.,Fred Shanks,200,Yes,fred-shanks,No
Gene Newman,House,61,Republican,SUPPORT,OPPOSE,SUPPORT,SUPPORT,OPPOSE,OPPOSE,SUPPORT,SUPPORT,SUPPORT,78,B,Supporter,155,Gene Newman has a generally supportive voting record on 3MA’s tracked medical cannabis priorities.,Gene Newman,200,Yes,gene-newman,No
Lance Varner,House,62,Republican,N/A,N/A,SUPPORT,SUPPORT,SUPPORT,SUPPORT,SUPPORT,SUPPORT,SUPPORT,100,A,Strong Supporter,160,Lance Varner supported 3MA’s tracked medical cannabis priorities at a high level but is not classified as a Champion Leader absent authorship or recorded champion status.,Lance Varner,160,Yes,lance-varner,No
Stephanie Foster,House,63,Democrat,SUPPORT,SUPPORT,SUPPORT,SUPPORT,SUPPORT,SUPPORT,SUPPORT,SUPPORT,SUPPORT,100,A,Strong Supporter,200,Stephanie Foster supported 3MA’s tracked medical cannabis priorities at a high level but is not classified as a Champion Leader absent authorship or recorded champion status.,Stephanie Foster,200,Yes,stephanie-foster,No
Shanda Yates,House,64,Independent,SUPPORT,SUPPORT,SUPPORT,SUPPORT,SUPPORT,SUPPORT,SUPPORT,SUPPORT,SUPPORT,100,A,Strong Supporter,200,Shanda Yates supported 3MA’s tracked medical cannabis priorities at a high level but is not classified as a Champion Leader absent authorship or recorded champion status.,Shanda Yates,200,Yes,shanda-yates,No
Christopher Bell,House,65,Democrat,SUPPORT,SUPPORT,SUPPORT,SUPPORT,SUPPORT,SUPPORT,SUPPORT,SUPPORT,SUPPORT,100,A,Strong Supporter,200,Christopher Bell supported 3MA’s tracked medical cannabis priorities at a high level but is not classified as a Champion Leader absent authorship or recorded champion status.,Christopher Bell,200,Yes,christopher-bell,No
Fabian Nelson,House,66,Democrat,N/A,N/A,SUPPORT,SUPPORT,SUPPORT,SUPPORT,SUPPORT,SUPPORT,SUPPORT,100,A,Strong Supporter,160,Fabian Nelson supported 3MA’s tracked medical cannabis priorities at a high level but is not classified as a Champion Leader absent authorship or recorded champion status.,Fabian Nelson,160,Yes,fabian-nelson,No
Earle Banks,House,67,Democrat,SUPPORT,SUPPORT,ABSENT,SUPPORT,SUPPORT,SUPPORT,SUPPORT,SUPPORT,ABSENT,96,A,Strong Supporter,192.5,Earle Banks supported 3MA’s tracked medical cannabis priorities at a high level but is not classified as a Champion Leader absent authorship or recorded champion status.,Earle Banks,200,Yes,earle-banks,No
Zakiya Summers,House,68,Democrat,SUPPORT,ABSENT,OPPOSE,SUPPORT,SUPPORT,ABSENT,SUPPORT,SUPPORT,ABSENT,85,B,Supporter,170,Zakiya Summers has a generally supportive voting record on 3MA’s tracked medical cannabis priorities.,Zakiya Summers,200,Yes,zakiya-summers,No
Tamarra Butler-Washington,House,69,Democrat,N/A,N/A,SUPPORT,SUPPORT,SUPPORT,SUPPORT,SUPPORT,SUPPORT,SUPPORT,100,A,Strong Supporter,160,Tamarra Butler-Washington supported 3MA’s tracked medical cannabis priorities at a high level but is not classified as a Champion Leader absent authorship or recorded champion status.,Tamarra Butler-Washington,160,Yes,tamarra-butlerwashington,No
Bo Brown,House,70,Democrat,OPPOSE,ABSENT,SUPPORT,SUPPORT,SUPPORT,ABSENT,SUPPORT,ABSENT,SUPPORT,55,D,Weak / Inconsistent,110,Bo Brown has shown weak or inconsistent alignment with 3MA’s tracked medical cannabis priorities.,Bo Brown,200,Yes,bo-brown,No
Ronnie Crudup,House,71,Democrat,SUPPORT,SUPPORT,ABSENT,SUPPORT,SUPPORT,OPPOSE,SUPPORT,SUPPORT,SUPPORT,89,B,Supporter,177.5,Ronnie Crudup has a generally supportive voting record on 3MA’s tracked medical cannabis priorities.,Ronnie Crudup,200,Yes,ronnie-crudup,No
Justis Gibbs,House,72,Democrat,SUPPORT,N/A,SUPPORT,SUPPORT,SUPPORT,SUPPORT,ABSENT,SUPPORT,SUPPORT,96,A,Strong Supporter,177.5,Justis Gibbs supported 3MA’s tracked medical cannabis priorities at a high level but is not classified as a Champion Leader absent authorship or recorded champion status.,Justis Gibbs,185,Yes,justis-gibbs,No
Jill Ford,House,73,Republican,OPPOSE,OPPOSE,SUPPORT,OPPOSE,OPPOSE,OPPOSE,OPPOSE,ABSENT,SUPPORT,33,F,Opposed,65,Jill Ford is classified as opposed based on 3MA’s tracked medical cannabis votes from 2022–2026.,Jill Ford,200,Yes,jill-ford,No
Lee Yancey,House,74,Republican,SUPPORT,SUPPORT,SUPPORT,SUPPORT,SUPPORT,SUPPORT,SUPPORT,SUPPORT,SUPPORT,100,A+,Champion Leader,300,Lee Yancey is classified as a Champion Leader based on 3MA’s designation as a primary medical cannabis bill author or legislative champion.,Lee Yancey,200,Yes,lee-yancey,Yes
Celeste Hurst,House,75,Republican,N/A,N/A,SUPPORT,SUPPORT,SUPPORT,SUPPORT,SUPPORT,SUPPORT,SUPPORT,100,A,Strong Supporter,160,Celeste Hurst supported 3MA’s tracked medical cannabis priorities at a high level but is not classified as a Champion Leader absent authorship or recorded champion status.,Celeste Hurst,160,Yes,celeste-hurst,No
"Gregory Holloway, Sr.",House,76,Democrat,SUPPORT,SUPPORT,SUPPORT,SUPPORT,SUPPORT,SUPPORT,ABSENT,SUPPORT,SUPPORT,96,A,Strong Supporter,192.5,"Gregory Holloway, Sr. supported 3MA’s tracked medical cannabis priorities at a high level but is not classified as a Champion Leader absent authorship or recorded champion status.","Gregory Holloway, Sr.",200,Yes,gregory-holloway-sr,No
Price Wallace,House,77,Republican,SUPPORT,SUPPORT,SUPPORT,SUPPORT,SUPPORT,SUPPORT,SUPPORT,SUPPORT,SUPPORT,100,A,Strong Supporter,200,Price Wallace supported 3MA’s tracked medical cannabis priorities at a high level but is not classified as a Champion Leader absent authorship or recorded champion status.,Price Wallace,200,Yes,price-wallace,No
Randy Rushing,House,78,Republican,SUPPORT,SUPPORT,SUPPORT,SUPPORT,SUPPORT,SUPPORT,SUPPORT,SUPPORT,SUPPORT,100,A,Strong Supporter,200,Randy Rushing supported 3MA’s tracked medical cannabis priorities at a high level but is not classified as a Champion Leader absent authorship or recorded champion status.,Randy Rushing,200,Yes,randy-rushing,No
Mark Tullos,House,79,Republican,SUPPORT,SUPPORT,SUPPORT,SUPPORT,SUPPORT,SUPPORT,SUPPORT,SUPPORT,SUPPORT,100,A,Strong Supporter,200,Mark Tullos supported 3MA’s tracked medical cannabis priorities at a high level but is not classified as a Champion Leader absent authorship or recorded champion status.,Mark Tullos,200,Yes,mark-tullos,No
Omeria Scott,House,80,Democrat,OPPOSE,SUPPORT,SUPPORT,SUPPORT,SUPPORT,OPPOSE,SUPPORT,SUPPORT,ABSENT,80,B,Supporter,160,Omeria Scott has a generally supportive voting record on 3MA’s tracked medical cannabis priorities.,Omeria Scott,200,Yes,omeria-scott,No
Stephen A. Horne,House,81,Republican,OPPOSE,SUPPORT,SUPPORT,SUPPORT,SUPPORT,SUPPORT,SUPPORT,SUPPORT,SUPPORT,88,B,Supporter,175,Stephen A. Horne has a generally supportive voting record on 3MA’s tracked medical cannabis priorities.,Stephen A. Horne,200,Yes,stephen-a-horne,No
Gregory Elliot,House,82,Democrat,ABSENT,ABSENT,ABSENT,ABSENT,ABSENT,SUPPORT,SUPPORT,SUPPORT,SUPPORT,83,B,Supporter,165,Gregory Elliot has a generally supportive voting record on 3MA’s tracked medical cannabis priorities.,Gregory Elliot,200,Yes,gregory-elliot,No
Billy Adam Calvert,House,83,Republican,OPPOSE,SUPPORT,SUPPORT,SUPPORT,SUPPORT,SUPPORT,SUPPORT,SUPPORT,SUPPORT,88,B,Supporter,175,Billy Adam Calvert has a generally supportive voting record on 3MA’s tracked medical cannabis priorities.,Billy Adam Calvert,200,Yes,billy-adam-calvert,No
Troy Smith,House,84,Republican,OPPOSE,ABSENT,SUPPORT,ABSENT,ABSENT,ABSENT,OPPOSE,SUPPORT,SUPPORT,69,C,Mixed / Persuadable,137.5,Troy Smith has a mixed record on 3MA’s tracked medical cannabis priorities and may be persuadable on future reforms.,Troy Smith,200,Yes,troy-smith,No
Jeffery Harness,House,85,Democrat,SUPPORT,SUPPORT,ABSENT,SUPPORT,SUPPORT,SUPPORT,SUPPORT,SUPPORT,SUPPORT,96,A,Strong Supporter,192.5,Jeffery Harness supported 3MA’s tracked medical cannabis priorities at a high level but is not classified as a Champion Leader absent authorship or recorded champion status.,Jeffery Harness,200,Yes,jeffery-harness,No
Shane Barnett,House,86,Republican,OPPOSE,SUPPORT,SUPPORT,SUPPORT,SUPPORT,OPPOSE,SUPPORT,SUPPORT,SUPPORT,80,B,Supporter,160,Shane Barnett has a generally supportive voting record on 3MA’s tracked medical cannabis priorities.,Shane Barnett,200,Yes,shane-barnett,No
Joseph Tubb,House,87,Republican,SUPPORT,SUPPORT,SUPPORT,SUPPORT,SUPPORT,SUPPORT,SUPPORT,SUPPORT,SUPPORT,100,A,Strong Supporter,200,Joseph Tubb supported 3MA’s tracked medical cannabis priorities at a high level but is not classified as a Champion Leader absent authorship or recorded champion status.,Joseph Tubb,200,Yes,joseph-tubb,No
Charles Blackwell,House,88,Republican,N/A,N/A,SUPPORT,SUPPORT,SUPPORT,SUPPORT,SUPPORT,SUPPORT,SUPPORT,100,A,Strong Supporter,160,Charles Blackwell supported 3MA’s tracked medical cannabis priorities at a high level but is not classified as a Champion Leader absent authorship or recorded champion status.,Charles Blackwell,160,Yes,charles-blackwell,No
Donnie Scoggin,House,89,Republican,SUPPORT,SUPPORT,SUPPORT,SUPPORT,SUPPORT,SUPPORT,SUPPORT,SUPPORT,SUPPORT,100,A,Strong Supporter,200,Donnie Scoggin supported 3MA’s tracked medical cannabis priorities at a high level but is not classified as a Champion Leader absent authorship or recorded champion status.,Donnie Scoggin,200,Yes,donnie-scoggin,No
Noah Sanford,House,90,Republican,SUPPORT,SUPPORT,SUPPORT,SUPPORT,SUPPORT,ABSENT,ABSENT,SUPPORT,SUPPORT,93,A,Strong Supporter,185,Noah Sanford supported 3MA’s tracked medical cannabis priorities at a high level but is not classified as a Champion Leader absent authorship or recorded champion status.,Noah Sanford,200,Yes,noah-sanford,No
Bob Evans,House,91,Democrat,SUPPORT,ABSENT,ABSENT,SUPPORT,SUPPORT,SUPPORT,SUPPORT,SUPPORT,SUPPORT,93,A,Strong Supporter,185,Bob Evans supported 3MA’s tracked medical cannabis priorities at a high level but is not classified as a Champion Leader absent authorship or recorded champion status.,Bob Evans,200,Yes,bob-evans,No
Becky Currie,House,92,Republican,SUPPORT,SUPPORT,SUPPORT,SUPPORT,SUPPORT,SUPPORT,SUPPORT,SUPPORT,SUPPORT,100,A,Strong Supporter,200,Becky Currie supported 3MA’s tracked medical cannabis priorities at a high level but is not classified as a Champion Leader absent authorship or recorded champion status.,Becky Currie,200,Yes,becky-currie,No
Timmy Ladner,House,93,Republican,OPPOSE,OPPOSE,SUPPORT,OPPOSE,OPPOSE,OPPOSE,SUPPORT,SUPPORT,SUPPORT,65,C,Mixed / Persuadable,130,Timmy Ladner has a mixed record on 3MA’s tracked medical cannabis priorities and may be persuadable on future reforms.,Timmy Ladner,200,Yes,timmy-ladner,No
Robert Johnson III,House,94,Democrat,SUPPORT,SUPPORT,ABSENT,SUPPORT,SUPPORT,SUPPORT,SUPPORT,SUPPORT,SUPPORT,96,A,Strong Supporter,192.5,Robert Johnson III supported 3MA’s tracked medical cannabis priorities at a high level but is not classified as a Champion Leader absent authorship or recorded champion status.,Robert Johnson III,200,Yes,robert-johnson-iii,No
Jay McKnight,House,95,Republican,SUPPORT,SUPPORT,SUPPORT,SUPPORT,SUPPORT,SUPPORT,SUPPORT,SUPPORT,SUPPORT,100,A,Strong Supporter,200,Jay McKnight supported 3MA’s tracked medical cannabis priorities at a high level but is not classified as a Champion Leader absent authorship or recorded champion status.,Jay McKnight,200,Yes,jay-mcknight,No
Angela Cockerham,House,96,Independent,SUPPORT,SUPPORT,SUPPORT,SUPPORT,SUPPORT,SUPPORT,SUPPORT,SUPPORT,SUPPORT,100,A,Strong Supporter,200,Angela Cockerham supported 3MA’s tracked medical cannabis priorities at a high level but is not classified as a Champion Leader absent authorship or recorded champion status.,Angela Cockerham,200,Yes,angela-cockerham,No
"Sam Mims, V",House,97,Republican,SUPPORT,SUPPORT,SUPPORT,SUPPORT,SUPPORT,SUPPORT,SUPPORT,SUPPORT,SUPPORT,100,A,Strong Supporter,200,"Sam Mims, V supported 3MA’s tracked medical cannabis priorities at a high level but is not classified as a Champion Leader absent authorship or recorded champion status.","Sam Mims, V",200,Yes,sam-mims-v,No
Daryl Porter,House,98,Democrat,SUPPORT,SUPPORT,ABSENT,SUPPORT,SUPPORT,SUPPORT,SUPPORT,SUPPORT,SUPPORT,96,A,Strong Supporter,192.5,Daryl Porter supported 3MA’s tracked medical cannabis priorities at a high level but is not classified as a Champion Leader absent authorship or recorded champion status.,Daryl Porter,200,Yes,daryl-porter,No
Bill Pigott,House,99,Republican,SUPPORT,ABSENT,SUPPORT,SUPPORT,SUPPORT,SUPPORT,SUPPORT,SUPPORT,SUPPORT,96,A,Strong Supporter,192.5,Bill Pigott supported 3MA’s tracked medical cannabis priorities at a high level but is not classified as a Champion Leader absent authorship or recorded champion status.,Bill Pigott,200,Yes,bill-pigott,No
Ken Morgan,House,100,Republican,OPPOSE,SUPPORT,SUPPORT,SUPPORT,SUPPORT,SUPPORT,ABSENT,SUPPORT,SUPPORT,84,B,Supporter,167.5,Ken Morgan has a generally supportive voting record on 3MA’s tracked medical cannabis priorities.,Ken Morgan,200,Yes,ken-morgan,No
Kent McCarty,House,101,Republican,SUPPORT,SUPPORT,ABSENT,SUPPORT,SUPPORT,SUPPORT,SUPPORT,SUPPORT,SUPPORT,96,A,Strong Supporter,192.5,Kent McCarty supported 3MA’s tracked medical cannabis priorities at a high level but is not classified as a Champion Leader absent authorship or recorded champion status.,Kent McCarty,200,Yes,kent-mccarty,No
Missy McGee,House,102,Republican,SUPPORT,SUPPORT,SUPPORT,SUPPORT,SUPPORT,SUPPORT,SUPPORT,SUPPORT,SUPPORT,100,A,Strong Supporter,200,Missy McGee supported 3MA’s tracked medical cannabis priorities at a high level but is not classified as a Champion Leader absent authorship or recorded champion status.,Missy McGee,200,Yes,missy-mcgee,No
Percy Watson,House,103,Democrat,SUPPORT,SUPPORT,SUPPORT,SUPPORT,ABSENT,SUPPORT,SUPPORT,SUPPORT,SUPPORT,96,A,Strong Supporter,192.5,Percy Watson supported 3MA’s tracked medical cannabis priorities at a high level but is not classified as a Champion Leader absent authorship or recorded champion status.,Percy Watson,200,Yes,percy-watson,No
Larry Byrd,House,104,Republican,SUPPORT,SUPPORT,SUPPORT,SUPPORT,SUPPORT,SUPPORT,SUPPORT,SUPPORT,SUPPORT,100,A,Strong Supporter,200,Larry Byrd supported 3MA’s tracked medical cannabis priorities at a high level but is not classified as a Champion Leader absent authorship or recorded champion status.,Larry Byrd,200,Yes,larry-byrd,No
Elliot Burch,House,105,Republican,N/A,N/A,SUPPORT,SUPPORT,SUPPORT,SUPPORT,OPPOSE,SUPPORT,SUPPORT,91,A,Strong Supporter,145,Elliot Burch supported 3MA’s tracked medical cannabis priorities at a high level but is not classified as a Champion Leader absent authorship or recorded champion status.,Elliot Burch,160,Yes,elliot-burch,No
Jansen Owen,House,106,Republican,OPPOSE,SUPPORT,SUPPORT,SUPPORT,SUPPORT,SUPPORT,SUPPORT,SUPPORT,ABSENT,88,B,Supporter,175,Jansen Owen has a generally supportive voting record on 3MA’s tracked medical cannabis priorities.,Jansen Owen,200,Yes,jansen-owen,No
Steve Lott,House,107,Republican,N/A,N/A,SUPPORT,SUPPORT,SUPPORT,SUPPORT,SUPPORT,SUPPORT,SUPPORT,100,A,Strong Supporter,160,Steve Lott supported 3MA’s tracked medical cannabis priorities at a high level but is not classified as a Champion Leader absent authorship or recorded champion status.,Steve Lott,160,Yes,steve-lott,No
Stacey Hobgood-Wilkes,House,108,Republican,OPPOSE,OPPOSE,ABSENT,OPPOSE,OPPOSE,OPPOSE,OPPOSE,OPPOSE,ABSENT,4,F,Opposed,7.5,Stacey Hobgood-Wilkes is classified as opposed based on 3MA’s tracked medical cannabis votes from 2022–2026.,Stacey Hobgood-Wilkes,200,Yes,stacey-hobgoodwilkes,No
Manly Barton,House,109,Republican,SUPPORT,SUPPORT,SUPPORT,SUPPORT,SUPPORT,SUPPORT,SUPPORT,SUPPORT,SUPPORT,100,A,Strong Supporter,200,Manly Barton supported 3MA’s tracked medical cannabis priorities at a high level but is not classified as a Champion Leader absent authorship or recorded champion status.,Manly Barton,200,Yes,manly-barton,No
Jeramey Anderson,House,110,Democrat,SUPPORT,SUPPORT,ABSENT,SUPPORT,SUPPORT,SUPPORT,SUPPORT,SUPPORT,SUPPORT,96,A,Strong Supporter,192.5,Jeramey Anderson supported 3MA’s tracked medical cannabis priorities at a high level but is not classified as a Champion Leader absent authorship or recorded champion status.,Jeramey Anderson,200,Yes,jeramey-anderson,No
Jimmy Fondren,House,111,Republican,N/A,N/A,SUPPORT,SUPPORT,SUPPORT,SUPPORT,SUPPORT,SUPPORT,SUPPORT,100,A,Strong Supporter,160,Jimmy Fondren supported 3MA’s tracked medical cannabis priorities at a high level but is not classified as a Champion Leader absent authorship or recorded champion status.,Jimmy Fondren,160,Yes,jimmy-fondren,No
John Read,House,112,Republican,SUPPORT,SUPPORT,SUPPORT,SUPPORT,SUPPORT,SUPPORT,SUPPORT,SUPPORT,SUPPORT,100,A,Strong Supporter,200,John Read supported 3MA’s tracked medical cannabis priorities at a high level but is not classified as a Champion Leader absent authorship or recorded champion status.,John Read,200,Yes,john-read,No
Henry Zuber III,House,113,Republican,SUPPORT,SUPPORT,SUPPORT,SUPPORT,SUPPORT,SUPPORT,SUPPORT,SUPPORT,SUPPORT,100,A,Strong Supporter,200,Henry Zuber III supported 3MA’s tracked medical cannabis priorities at a high level but is not classified as a Champion Leader absent authorship or recorded champion status.,Henry Zuber III,200,Yes,henry-zuber-iii,No
Jeffrey Guice,House,114,Republican,SUPPORT,SUPPORT,SUPPORT,SUPPORT,SUPPORT,SUPPORT,SUPPORT,SUPPORT,SUPPORT,100,A,Strong Supporter,200,Jeffrey Guice supported 3MA’s tracked medical cannabis priorities at a high level but is not classified as a Champion Leader absent authorship or recorded champion status.,Jeffrey Guice,200,Yes,jeffrey-guice,No
Zachary Grady,House,115,Republican,N/A,N/A,SUPPORT,SUPPORT,SUPPORT,SUPPORT,SUPPORT,SUPPORT,SUPPORT,100,A,Strong Supporter,160,Zachary Grady supported 3MA’s tracked medical cannabis priorities at a high level but is not classified as a Champion Leader absent authorship or recorded champion status.,Zachary Grady,160,Yes,zachary-grady,No
Casey Eure,House,116,Republican,SUPPORT,SUPPORT,SUPPORT,SUPPORT,SUPPORT,SUPPORT,SUPPORT,SUPPORT,SUPPORT,100,A,Strong Supporter,200,Casey Eure supported 3MA’s tracked medical cannabis priorities at a high level but is not classified as a Champion Leader absent authorship or recorded champion status.,Casey Eure,200,Yes,casey-eure,No
Kevin Felsher,House,117,Republican,SUPPORT,SUPPORT,SUPPORT,SUPPORT,SUPPORT,SUPPORT,SUPPORT,SUPPORT,SUPPORT,100,A,Strong Supporter,200,Kevin Felsher supported 3MA’s tracked medical cannabis priorities at a high level but is not classified as a Champion Leader absent authorship or recorded champion status.,Kevin Felsher,200,Yes,kevin-felsher,No
Greg Haney,House,118,Republican,SUPPORT,SUPPORT,SUPPORT,SUPPORT,SUPPORT,ABSENT,ABSENT,SUPPORT,SUPPORT,93,A,Strong Supporter,185,Greg Haney supported 3MA’s tracked medical cannabis priorities at a high level but is not classified as a Champion Leader absent authorship or recorded champion status.,Greg Haney,200,Yes,greg-haney,No
Jeffrey Hulum III,House,119,Democrat,N/A,SUPPORT,SUPPORT,SUPPORT,SUPPORT,SUPPORT,SUPPORT,SUPPORT,SUPPORT,100,A,Strong Supporter,175,Jeffrey Hulum III supported 3MA’s tracked medical cannabis priorities at a high level but is not classified as a Champion Leader absent authorship or recorded champion status.,Jeffrey Hulum III,175,Yes,jeffrey-hulum-iii,No
Richard Bennett,House,120,Republican,SUPPORT,SUPPORT,SUPPORT,SUPPORT,SUPPORT,SUPPORT,SUPPORT,SUPPORT,SUPPORT,100,A,Strong Supporter,200,Richard Bennett supported 3MA’s tracked medical cannabis priorities at a high level but is not classified as a Champion Leader absent authorship or recorded champion status.,Richard Bennett,200,Yes,richard-bennett,No
Carolyn Crawford,House,121,Republican,SUPPORT,SUPPORT,SUPPORT,SUPPORT,SUPPORT,OPPOSE,OPPOSE,SUPPORT,SUPPORT,85,B,Supporter,170,Carolyn Crawford has a generally supportive voting record on 3MA’s tracked medical cannabis priorities.,Carolyn Crawford,200,Yes,carolyn-crawford,No
Brent Anderson,House,122,Republican,SUPPORT,SUPPORT,SUPPORT,SUPPORT,SUPPORT,SUPPORT,SUPPORT,SUPPORT,SUPPORT,100,A,Strong Supporter,200,Brent Anderson supported 3MA’s tracked medical cannabis priorities at a high level but is not classified as a Champion Leader absent authorship or recorded champion status.,Brent Anderson,200,Yes,brent-anderson,No
Michael McLendon,Senate,1,Republican,SUPPORT,SUPPORT,SUPPORT,N/A,SUPPORT,OPPOSE,OPPOSE,N/A,N/A,70,C,Mixed / Persuadable,70,Michael McLendon has a mixed record on 3MA’s tracked medical cannabis priorities and may be persuadable on future reforms.,Michael McLendon,100,Yes,michael-mclendon,No
Theresa Gillespie Isom,Senate,2,Democrat,N/A,N/A,N/A,N/A,N/A,SUPPORT,SUPPORT,N/A,N/A,100,A,Strong Supporter,30,Theresa Gillespie Isom supported 3MA’s tracked medical cannabis priorities at a high level but is not classified as a Champion Leader absent authorship or recorded champion status.,Theresa Gillespie Isom,30,Yes,theresa-gillespie-isom,No
Kathy L. Chism,Senate,3,Republican,OPPOSE,OPPOSE,SUPPORT,N/A,OPPOSE,OPPOSE,OPPOSE,N/A,N/A,15,F,Opposed,15,Kathy L. Chism is classified as opposed based on 3MA’s tracked medical cannabis votes from 2022–2026.,Kathy L. Chism,100,Yes,kathy-l-chism,No
Rita Potts Parks,Senate,4,Republican,SUPPORT,SUPPORT,SUPPORT,N/A,OPPOSE,OPPOSE,OPPOSE,N/A,N/A,55,D,Weak / Inconsistent,55,Rita Potts Parks has shown weak or inconsistent alignment with 3MA’s tracked medical cannabis priorities.,Rita Potts Parks,100,Yes,rita-potts-parks,No
Daniel H. Sparks,Senate,5,Republican,SUPPORT,SUPPORT,SUPPORT,N/A,OPPOSE,SUPPORT,OPPOSE,N/A,N/A,70,C,Mixed / Persuadable,70,Daniel H. Sparks has a mixed record on 3MA’s tracked medical cannabis priorities and may be persuadable on future reforms.,Daniel H. Sparks,100,Yes,daniel-h-sparks,No
Chad McMahan,Senate,6,Republican,SUPPORT,SUPPORT,SUPPORT,N/A,SUPPORT,SUPPORT,SUPPORT,N/A,N/A,100,A,Strong Supporter,100,Chad McMahan supported 3MA’s tracked medical cannabis priorities at a high level but is not classified as a Champion Leader absent authorship or recorded champion status.,Chad McMahan,100,Yes,chad-mcmahan,No
Hob Bryan,Senate,7,Democrat,SUPPORT,SUPPORT,SUPPORT,N/A,SUPPORT,SUPPORT,SUPPORT,N/A,N/A,100,A,Strong Supporter,100,Hob Bryan supported 3MA’s tracked medical cannabis priorities at a high level but is not classified as a Champion Leader absent authorship or recorded champion status.,Hob Bryan,100,Yes,hob-bryan,No
Benjamin Suber,Senate,8,Republican,SUPPORT,SUPPORT,SUPPORT,N/A,OPPOSE,OPPOSE,OPPOSE,N/A,N/A,55,D,Weak / Inconsistent,55,Benjamin Suber has shown weak or inconsistent alignment with 3MA’s tracked medical cannabis priorities.,Benjamin Suber,100,Yes,benjamin-suber,No
Nicole Boyd,Senate,9,Republican,SUPPORT,SUPPORT,SUPPORT,N/A,SUPPORT,SUPPORT,SUPPORT,N/A,N/A,100,A,Strong Supporter,100,Nicole Boyd supported 3MA’s tracked medical cannabis priorities at a high level but is not classified as a Champion Leader absent authorship or recorded champion status.,Nicole Boyd,100,Yes,nicole-boyd,No
Neil S. Whaley,Senate,10,Republican,SUPPORT,SUPPORT,SUPPORT,N/A,SUPPORT,OPPOSE,OPPOSE,N/A,N/A,70,C,Mixed / Persuadable,70,Neil S. Whaley has a mixed record on 3MA’s tracked medical cannabis priorities and may be persuadable on future reforms.,Neil S. Whaley,100,Yes,neil-s-whaley,No
Reginald Jackson,Senate,11,Democrat,SUPPORT,SUPPORT,SUPPORT,N/A,SUPPORT,SUPPORT,SUPPORT,N/A,N/A,100,A,Strong Supporter,100,Reginald Jackson supported 3MA’s tracked medical cannabis priorities at a high level but is not classified as a Champion Leader absent authorship or recorded champion status.,Reginald Jackson,100,Yes,reginald-jackson,No
Derrick T. Simmons,Senate,12,Democrat,SUPPORT,ABSENT,SUPPORT,N/A,SUPPORT,SUPPORT,SUPPORT,N/A,N/A,93,A,Strong Supporter,92.5,Derrick T. Simmons supported 3MA’s tracked medical cannabis priorities at a high level but is not classified as a Champion Leader absent authorship or recorded champion status.,Derrick T. Simmons,100,Yes,derrick-t-simmons,No
Sarita Simmons,Senate,13,Democrat,SUPPORT,SUPPORT,SUPPORT,N/A,SUPPORT,SUPPORT,SUPPORT,N/A,N/A,100,A,Strong Supporter,100,Sarita Simmons supported 3MA’s tracked medical cannabis priorities at a high level but is not classified as a Champion Leader absent authorship or recorded champion status.,Sarita Simmons,100,Yes,sarita-simmons,No
Lydia Graves Chassaniol,Senate,14,Republican,SUPPORT,SUPPORT,SUPPORT,N/A,SUPPORT,SUPPORT,SUPPORT,N/A,N/A,100,A,Strong Supporter,100,Lydia Graves Chassaniol supported 3MA’s tracked medical cannabis priorities at a high level but is not classified as a Champion Leader absent authorship or recorded champion status.,Lydia Graves Chassaniol,100,Yes,lydia-graves-chassaniol,No
Bart Williams,Senate,15,Republican,SUPPORT,SUPPORT,SUPPORT,N/A,SUPPORT,SUPPORT,SUPPORT,N/A,N/A,100,A,Strong Supporter,100,Bart Williams supported 3MA’s tracked medical cannabis priorities at a high level but is not classified as a Champion Leader absent authorship or recorded champion status.,Bart Williams,100,Yes,bart-williams,No
Angela Turner-Ford,Senate,16,Democrat,SUPPORT,SUPPORT,SUPPORT,N/A,SUPPORT,SUPPORT,SUPPORT,N/A,N/A,100,A,Strong Supporter,100,Angela Turner-Ford supported 3MA’s tracked medical cannabis priorities at a high level but is not classified as a Champion Leader absent authorship or recorded champion status.,Angela Turner-Ford,100,Yes,angela-turnerford,No
Chuck Younger,Senate,17,Republican,SUPPORT,SUPPORT,SUPPORT,N/A,SUPPORT,SUPPORT,SUPPORT,N/A,N/A,100,A,Strong Supporter,100,Chuck Younger supported 3MA’s tracked medical cannabis priorities at a high level but is not classified as a Champion Leader absent authorship or recorded champion status.,Chuck Younger,100,Yes,chuck-younger,No
Lane Taylor,Senate,18,Republican,N/A,N/A,N/A,N/A,N/A,OPPOSE,OPPOSE,N/A,N/A,0,F,Opposed,0,Lane Taylor is classified as opposed based on 3MA’s tracked medical cannabis votes from 2022–2026.,Lane Taylor,30,Yes,lane-taylor,No
Kevin Blackwell,Senate,19,Republican,SUPPORT,SUPPORT,SUPPORT,N/A,SUPPORT,SUPPORT,SUPPORT,N/A,N/A,100,A+,Champion Leader,150,Kevin Blackwell is classified as a Champion Leader based on 3MA’s designation as a primary medical cannabis bill author or legislative champion.,Kevin Blackwell,100,Yes,kevin-blackwell,Yes
Josh Harkins,Senate,20,Republican,ABSENT,SUPPORT,SUPPORT,N/A,SUPPORT,SUPPORT,SUPPORT,N/A,N/A,88,B,Supporter,87.5,Josh Harkins has a generally supportive voting record on 3MA’s tracked medical cannabis priorities.,Josh Harkins,100,Yes,josh-harkins,No
Bradford Blackmon,Senate,21,Democrat,SUPPORT,SUPPORT,SUPPORT,N/A,SUPPORT,SUPPORT,SUPPORT,N/A,N/A,100,A,Strong Supporter,100,Bradford Blackmon supported 3MA’s tracked medical cannabis priorities at a high level but is not classified as a Champion Leader absent authorship or recorded champion status.,Bradford Blackmon,100,Yes,bradford-blackmon,No
Joseph Thomas,Senate,22,Democrat,SUPPORT,SUPPORT,SUPPORT,N/A,SUPPORT,SUPPORT,SUPPORT,N/A,N/A,100,A,Strong Supporter,100,Joseph Thomas supported 3MA’s tracked medical cannabis priorities at a high level but is not classified as a Champion Leader absent authorship or recorded champion status.,Joseph Thomas,100,Yes,joseph-thomas,No
Briggs Hopson,Senate,23,Republican,SUPPORT,SUPPORT,SUPPORT,N/A,SUPPORT,OPPOSE,OPPOSE,N/A,N/A,70,C,Mixed / Persuadable,70,Briggs Hopson has a mixed record on 3MA’s tracked medical cannabis priorities and may be persuadable on future reforms.,Briggs Hopson,100,Yes,briggs-hopson,No
Justin Pope,Senate,24,Democrat,N/A,N/A,N/A,N/A,N/A,SUPPORT,SUPPORT,N/A,N/A,100,A,Strong Supporter,30,Justin Pope supported 3MA’s tracked medical cannabis priorities at a high level but is not classified as a Champion Leader absent authorship or recorded champion status.,Justin Pope,30,Yes,justin-pope,No
J. Walter Michel,Senate,25,Republican,SUPPORT,SUPPORT,SUPPORT,N/A,SUPPORT,OPPOSE,SUPPORT,N/A,N/A,85,B,Supporter,85,J. Walter Michel has a generally supportive voting record on 3MA’s tracked medical cannabis priorities.,J. Walter Michel,100,Yes,j-walter-michel,No
Kameisha Mumford,Senate,26,Democrat,SUPPORT,SUPPORT,SUPPORT,N/A,SUPPORT,SUPPORT,SUPPORT,N/A,N/A,100,A,Strong Supporter,100,Kameisha Mumford supported 3MA’s tracked medical cannabis priorities at a high level but is not classified as a Champion Leader absent authorship or recorded champion status.,Kameisha Mumford,100,Yes,kameisha-mumford,No
Hillman Terome Frazier,Senate,27,Democrat,SUPPORT,ABSENT,SUPPORT,N/A,SUPPORT,SUPPORT,SUPPORT,N/A,N/A,93,A,Strong Supporter,92.5,Hillman Terome Frazier supported 3MA’s tracked medical cannabis priorities at a high level but is not classified as a Champion Leader absent authorship or recorded champion status.,Hillman Terome Frazier,100,Yes,hillman-terome-frazier,No
Sollie B. Norwood,Senate,28,Democrat,SUPPORT,SUPPORT,SUPPORT,N/A,SUPPORT,OPPOSE,SUPPORT,N/A,N/A,85,B,Supporter,85,Sollie B. Norwood has a generally supportive voting record on 3MA’s tracked medical cannabis priorities.,Sollie B. Norwood,100,Yes,sollie-b-norwood,No
David Blount,Senate,29,Democrat,SUPPORT,ABSENT,SUPPORT,N/A,SUPPORT,SUPPORT,SUPPORT,N/A,N/A,93,A,Strong Supporter,92.5,David Blount supported 3MA’s tracked medical cannabis priorities at a high level but is not classified as a Champion Leader absent authorship or recorded champion status.,David Blount,100,Yes,david-blount,No
Dean Kirby,Senate,30,Republican,SUPPORT,SUPPORT,SUPPORT,N/A,SUPPORT,SUPPORT,SUPPORT,N/A,N/A,100,A,Strong Supporter,100,Dean Kirby supported 3MA’s tracked medical cannabis priorities at a high level but is not classified as a Champion Leader absent authorship or recorded champion status.,Dean Kirby,100,Yes,dean-kirby,No
Tyler McCaughn,Senate,31,Republican,SUPPORT,SUPPORT,SUPPORT,N/A,SUPPORT,OPPOSE,OPPOSE,N/A,N/A,70,C,Mixed / Persuadable,70,Tyler McCaughn has a mixed record on 3MA’s tracked medical cannabis priorities and may be persuadable on future reforms.,Tyler McCaughn,100,Yes,tyler-mccaughn,No
Rod Hickman,Senate,32,Democrat,SUPPORT,SUPPORT,SUPPORT,N/A,SUPPORT,SUPPORT,SUPPORT,N/A,N/A,100,A,Strong Supporter,100,Rod Hickman supported 3MA’s tracked medical cannabis priorities at a high level but is not classified as a Champion Leader absent authorship or recorded champion status.,Rod Hickman,100,Yes,rod-hickman,No
Jeff Tate,Senate,33,Republican,OPPOSE,ABSENT,SUPPORT,N/A,OPPOSE,OPPOSE,OPPOSE,N/A,N/A,23,F,Opposed,22.5,Jeff Tate is classified as opposed based on 3MA’s tracked medical cannabis votes from 2022–2026.,Jeff Tate,100,Yes,jeff-tate,No
Juan Barnett,Senate,34,Democrat,SUPPORT,SUPPORT,SUPPORT,N/A,SUPPORT,SUPPORT,SUPPORT,N/A,N/A,100,A,Strong Supporter,100,Juan Barnett supported 3MA’s tracked medical cannabis priorities at a high level but is not classified as a Champion Leader absent authorship or recorded champion status.,Juan Barnett,100,Yes,juan-barnett,No
Andy Berry,Senate,35,Republican,N/A,N/A,SUPPORT,N/A,OPPOSE,OPPOSE,OPPOSE,N/A,N/A,25,F,Opposed,15,Andy Berry is classified as opposed based on 3MA’s tracked medical cannabis votes from 2022–2026.,Andy Berry,60,Yes,andy-berry,No
Brian Rhodes,Senate,36,Republican,N/A,N/A,SUPPORT,N/A,SUPPORT,OPPOSE,SUPPORT,N/A,N/A,75,B,Supporter,45,Brian Rhodes has a generally supportive voting record on 3MA’s tracked medical cannabis priorities.,Brian Rhodes,60,Yes,brian-rhodes,No
Albert Butler,Senate,37,Democrat,SUPPORT,SUPPORT,SUPPORT,N/A,SUPPORT,SUPPORT,SUPPORT,N/A,N/A,100,A,Strong Supporter,100,Albert Butler supported 3MA’s tracked medical cannabis priorities at a high level but is not classified as a Champion Leader absent authorship or recorded champion status.,Albert Butler,100,Yes,albert-butler,No
Gary Brumfield,Senate,38,Democrat,N/A,N/A,SUPPORT,N/A,SUPPORT,SUPPORT,ABSENT,N/A,N/A,88,B,Supporter,52.5,Gary Brumfield has a generally supportive voting record on 3MA’s tracked medical cannabis priorities.,Gary Brumfield,60,Yes,gary-brumfield,No
Jason Barrett,Senate,39,Republican,SUPPORT,OPPOSE,SUPPORT,N/A,OPPOSE,SUPPORT,OPPOSE,N/A,N/A,55,D,Weak / Inconsistent,55,Jason Barrett has shown weak or inconsistent alignment with 3MA’s tracked medical cannabis priorities.,Jason Barrett,100,Yes,jason-barrett,No
Angela Burks Hill,Senate,40,Republican,OPPOSE,OPPOSE,SUPPORT,N/A,OPPOSE,OPPOSE,OPPOSE,N/A,N/A,15,F,Opposed,15,Angela Burks Hill is classified as opposed based on 3MA’s tracked medical cannabis votes from 2022–2026.,Angela Burks Hill,100,Yes,angela-burks-hill,No
Joey Fillingane,Senate,41,Republican,SUPPORT,ABSENT,SUPPORT,N/A,OPPOSE,SUPPORT,OPPOSE,N/A,N/A,63,C,Mixed / Persuadable,62.5,Joey Fillingane has a mixed record on 3MA’s tracked medical cannabis priorities and may be persuadable on future reforms.,Joey Fillingane,100,Yes,joey-fillingane,No
Don Hartness,Senate,42,Republican,N/A,N/A,N/A,N/A,N/A,OPPOSE,OPPOSE,N/A,N/A,0,F,Opposed,0,Don Hartness is classified as opposed based on 3MA’s tracked medical cannabis votes from 2022–2026.,Don Hartness,30,Yes,don-hartness,No
"Dennis DeBar, Jr.",Senate,43,Republican,SUPPORT,OPPOSE,SUPPORT,N/A,SUPPORT,OPPOSE,OPPOSE,N/A,N/A,55,D,Weak / Inconsistent,55,"Dennis DeBar, Jr. has shown weak or inconsistent alignment with 3MA’s tracked medical cannabis priorities.","Dennis DeBar, Jr.",100,Yes,dennis-debar-jr,No
Chris Johnson,Senate,44,Republican,SUPPORT,SUPPORT,SUPPORT,N/A,OPPOSE,OPPOSE,OPPOSE,N/A,N/A,55,D,Weak / Inconsistent,55,Chris Johnson has shown weak or inconsistent alignment with 3MA’s tracked medical cannabis priorities.,Chris Johnson,100,Yes,chris-johnson,No
Jonny Dupree,Senate,45,Democrat,N/A,N/A,N/A,N/A,N/A,SUPPORT,SUPPORT,N/A,N/A,100,A,Strong Supporter,30,Jonny Dupree supported 3MA’s tracked medical cannabis priorities at a high level but is not classified as a Champion Leader absent authorship or recorded champion status.,Jonny Dupree,30,Yes,jonny-dupree,No
Philman Ladner,Senate,46,Republican,N/A,N/A,SUPPORT,N/A,SUPPORT,OPPOSE,SUPPORT,N/A,N/A,75,B,Supporter,45,Philman Ladner has a generally supportive voting record on 3MA’s tracked medical cannabis priorities.,Philman Ladner,60,Yes,philman-ladner,No
Joseph M. Seymour,Senate,47,Republican,SUPPORT,SUPPORT,SUPPORT,N/A,SUPPORT,OPPOSE,SUPPORT,N/A,N/A,85,B,Supporter,85,Joseph M. Seymour has a generally supportive voting record on 3MA’s tracked medical cannabis priorities.,Joseph M. Seymour,100,Yes,joseph-m-seymour,No
Mike Thompson,Senate,48,Republican,SUPPORT,SUPPORT,SUPPORT,N/A,SUPPORT,SUPPORT,SUPPORT,N/A,N/A,100,A,Strong Supporter,100,Mike Thompson supported 3MA’s tracked medical cannabis priorities at a high level but is not classified as a Champion Leader absent authorship or recorded champion status.,Mike Thompson,100,Yes,mike-thompson,No
"Joel R. Carter, Jr.",Senate,49,Republican,SUPPORT,SUPPORT,SUPPORT,N/A,SUPPORT,SUPPORT,SUPPORT,N/A,N/A,100,A,Strong Supporter,100,"Joel R. Carter, Jr. supported 3MA’s tracked medical cannabis priorities at a high level but is not classified as a Champion Leader absent authorship or recorded champion status.","Joel R. Carter, Jr.",100,Yes,joel-r-carter-jr,No
Scott DeLano,Senate,50,Republican,SUPPORT,SUPPORT,SUPPORT,N/A,SUPPORT,SUPPORT,SUPPORT,N/A,N/A,100,A,Strong Supporter,100,Scott DeLano supported 3MA’s tracked medical cannabis priorities at a high level but is not classified as a Champion Leader absent authorship or recorded champion status.,Scott DeLano,100,Yes,scott-delano,No
Jeremy England,Senate,51,Republican,SUPPORT,SUPPORT,SUPPORT,N/A,SUPPORT,SUPPORT,SUPPORT,N/A,N/A,100,A,Strong Supporter,100,Jeremy England supported 3MA’s tracked medical cannabis priorities at a high level but is not classified as a Champion Leader absent authorship or recorded champion status.,Jeremy England,100,Yes,jeremy-england,No
Brice Wiggins,Senate,52,Republican,SUPPORT,SUPPORT,SUPPORT,N/A,SUPPORT,SUPPORT,SUPPORT,N/A,N/A,100,A,Strong Supporter,100,Brice Wiggins supported 3MA’s tracked medical cannabis priorities at a high level but is not classified as a Champion Leader absent authorship or recorded champion status.,Brice Wiggins,100,Yes,brice-wiggins,No